###############################################################
#  Generated by:      Cadence Tempus 21.19-s058_1
#  OS:                Linux x86_64(Host ID ece-rh810-16)
#  Generated on:      Tue Sep 29 11:35:04 2026
#  Design:            accel_top
#  Command:           check_timing -verbose              > rpt/check_timing.rpt
###############################################################
    -------------------------------------------------------------------------------  
                                 TIMING CHECK SUMMARY                                
    -------------------------------------------------------------------------------  
     Warning                            Warning Description              Number of   
                                                                         Warnings    
    -------------------------------------------------------------------------------  
    no_drive                 No drive assertion                         168
    uncons_endpoint          Unconstrained signal arriving at end point 556
    -------------------------------------------------------------------------------
    ------------------------------------------------------------------------  
                              TIMING CHECK DETAIL                             
    ------------------------------------------------------------------------  
     Pin                                         Warning               View   
    ------------------------------------------------------------------------  
    clk                              No drive assertion               setup_view
    rst_n                            No drive assertion               setup_view
    wr_en                            No drive assertion               setup_view
    wr_addr[7]                       No drive assertion               setup_view
    wr_addr[6]                       No drive assertion               setup_view
    wr_addr[5]                       No drive assertion               setup_view
    wr_addr[4]                       No drive assertion               setup_view
    wr_addr[3]                       No drive assertion               setup_view
    wr_addr[2]                       No drive assertion               setup_view
    wr_addr[1]                       No drive assertion               setup_view
    wr_addr[0]                       No drive assertion               setup_view
    wr_data[63]                      No drive assertion               setup_view
    wr_data[62]                      No drive assertion               setup_view
    wr_data[61]                      No drive assertion               setup_view
    wr_data[60]                      No drive assertion               setup_view
    wr_data[59]                      No drive assertion               setup_view
    wr_data[58]                      No drive assertion               setup_view
    wr_data[57]                      No drive assertion               setup_view
    wr_data[56]                      No drive assertion               setup_view
    wr_data[55]                      No drive assertion               setup_view
    wr_data[54]                      No drive assertion               setup_view
    wr_data[53]                      No drive assertion               setup_view
    wr_data[52]                      No drive assertion               setup_view
    wr_data[51]                      No drive assertion               setup_view
    wr_data[50]                      No drive assertion               setup_view
    wr_data[49]                      No drive assertion               setup_view
    wr_data[48]                      No drive assertion               setup_view
    wr_data[47]                      No drive assertion               setup_view
    wr_data[46]                      No drive assertion               setup_view
    wr_data[45]                      No drive assertion               setup_view
    wr_data[44]                      No drive assertion               setup_view
    wr_data[43]                      No drive assertion               setup_view
    wr_data[42]                      No drive assertion               setup_view
    wr_data[41]                      No drive assertion               setup_view
    wr_data[40]                      No drive assertion               setup_view
    wr_data[39]                      No drive assertion               setup_view
    wr_data[38]                      No drive assertion               setup_view
    wr_data[37]                      No drive assertion               setup_view
    wr_data[36]                      No drive assertion               setup_view
    wr_data[35]                      No drive assertion               setup_view
    wr_data[34]                      No drive assertion               setup_view
    wr_data[33]                      No drive assertion               setup_view
    wr_data[32]                      No drive assertion               setup_view
    wr_data[31]                      No drive assertion               setup_view
    wr_data[30]                      No drive assertion               setup_view
    wr_data[29]                      No drive assertion               setup_view
    wr_data[28]                      No drive assertion               setup_view
    wr_data[27]                      No drive assertion               setup_view
    wr_data[26]                      No drive assertion               setup_view
    wr_data[25]                      No drive assertion               setup_view
    wr_data[24]                      No drive assertion               setup_view
    wr_data[23]                      No drive assertion               setup_view
    wr_data[22]                      No drive assertion               setup_view
    wr_data[21]                      No drive assertion               setup_view
    wr_data[20]                      No drive assertion               setup_view
    wr_data[19]                      No drive assertion               setup_view
    wr_data[18]                      No drive assertion               setup_view
    wr_data[17]                      No drive assertion               setup_view
    wr_data[16]                      No drive assertion               setup_view
    wr_data[15]                      No drive assertion               setup_view
    wr_data[14]                      No drive assertion               setup_view
    wr_data[13]                      No drive assertion               setup_view
    wr_data[12]                      No drive assertion               setup_view
    wr_data[11]                      No drive assertion               setup_view
    wr_data[10]                      No drive assertion               setup_view
    wr_data[9]                       No drive assertion               setup_view
    wr_data[8]                       No drive assertion               setup_view
    wr_data[7]                       No drive assertion               setup_view
    wr_data[6]                       No drive assertion               setup_view
    wr_data[5]                       No drive assertion               setup_view
    wr_data[4]                       No drive assertion               setup_view
    wr_data[3]                       No drive assertion               setup_view
    wr_data[2]                       No drive assertion               setup_view
    wr_data[1]                       No drive assertion               setup_view
    wr_data[0]                       No drive assertion               setup_view
    start                            No drive assertion               setup_view
    k_length[7]                      No drive assertion               setup_view
    k_length[6]                      No drive assertion               setup_view
    k_length[5]                      No drive assertion               setup_view
    k_length[4]                      No drive assertion               setup_view
    k_length[3]                      No drive assertion               setup_view
    k_length[2]                      No drive assertion               setup_view
    k_length[1]                      No drive assertion               setup_view
    k_length[0]                      No drive assertion               setup_view
    clk                              No drive assertion               hold_view
    rst_n                            No drive assertion               hold_view
    wr_en                            No drive assertion               hold_view
    wr_addr[7]                       No drive assertion               hold_view
    wr_addr[6]                       No drive assertion               hold_view
    wr_addr[5]                       No drive assertion               hold_view
    wr_addr[4]                       No drive assertion               hold_view
    wr_addr[3]                       No drive assertion               hold_view
    wr_addr[2]                       No drive assertion               hold_view
    wr_addr[1]                       No drive assertion               hold_view
    wr_addr[0]                       No drive assertion               hold_view
    wr_data[63]                      No drive assertion               hold_view
    wr_data[62]                      No drive assertion               hold_view
    wr_data[61]                      No drive assertion               hold_view
    wr_data[60]                      No drive assertion               hold_view
    wr_data[59]                      No drive assertion               hold_view
    wr_data[58]                      No drive assertion               hold_view
    wr_data[57]                      No drive assertion               hold_view
    wr_data[56]                      No drive assertion               hold_view
    wr_data[55]                      No drive assertion               hold_view
    wr_data[54]                      No drive assertion               hold_view
    wr_data[53]                      No drive assertion               hold_view
    wr_data[52]                      No drive assertion               hold_view
    wr_data[51]                      No drive assertion               hold_view
    wr_data[50]                      No drive assertion               hold_view
    wr_data[49]                      No drive assertion               hold_view
    wr_data[48]                      No drive assertion               hold_view
    wr_data[47]                      No drive assertion               hold_view
    wr_data[46]                      No drive assertion               hold_view
    wr_data[45]                      No drive assertion               hold_view
    wr_data[44]                      No drive assertion               hold_view
    wr_data[43]                      No drive assertion               hold_view
    wr_data[42]                      No drive assertion               hold_view
    wr_data[41]                      No drive assertion               hold_view
    wr_data[40]                      No drive assertion               hold_view
    wr_data[39]                      No drive assertion               hold_view
    wr_data[38]                      No drive assertion               hold_view
    wr_data[37]                      No drive assertion               hold_view
    wr_data[36]                      No drive assertion               hold_view
    wr_data[35]                      No drive assertion               hold_view
    wr_data[34]                      No drive assertion               hold_view
    wr_data[33]                      No drive assertion               hold_view
    wr_data[32]                      No drive assertion               hold_view
    wr_data[31]                      No drive assertion               hold_view
    wr_data[30]                      No drive assertion               hold_view
    wr_data[29]                      No drive assertion               hold_view
    wr_data[28]                      No drive assertion               hold_view
    wr_data[27]                      No drive assertion               hold_view
    wr_data[26]                      No drive assertion               hold_view
    wr_data[25]                      No drive assertion               hold_view
    wr_data[24]                      No drive assertion               hold_view
    wr_data[23]                      No drive assertion               hold_view
    wr_data[22]                      No drive assertion               hold_view
    wr_data[21]                      No drive assertion               hold_view
    wr_data[20]                      No drive assertion               hold_view
    wr_data[19]                      No drive assertion               hold_view
    wr_data[18]                      No drive assertion               hold_view
    wr_data[17]                      No drive assertion               hold_view
    wr_data[16]                      No drive assertion               hold_view
    wr_data[15]                      No drive assertion               hold_view
    wr_data[14]                      No drive assertion               hold_view
    wr_data[13]                      No drive assertion               hold_view
    wr_data[12]                      No drive assertion               hold_view
    wr_data[11]                      No drive assertion               hold_view
    wr_data[10]                      No drive assertion               hold_view
    wr_data[9]                       No drive assertion               hold_view
    wr_data[8]                       No drive assertion               hold_view
    wr_data[7]                       No drive assertion               hold_view
    wr_data[6]                       No drive assertion               hold_view
    wr_data[5]                       No drive assertion               hold_view
    wr_data[4]                       No drive assertion               hold_view
    wr_data[3]                       No drive assertion               hold_view
    wr_data[2]                       No drive assertion               hold_view
    wr_data[1]                       No drive assertion               hold_view
    wr_data[0]                       No drive assertion               hold_view
    start                            No drive assertion               hold_view
    k_length[7]                      No drive assertion               hold_view
    k_length[6]                      No drive assertion               hold_view
    k_length[5]                      No drive assertion               hold_view
    k_length[4]                      No drive assertion               hold_view
    k_length[3]                      No drive assertion               hold_view
    k_length[2]                      No drive assertion               hold_view
    k_length[1]                      No drive assertion               hold_view
    k_length[0]                      No drive assertion               hold_view
    u_compute/RC_CG_HIER_INST0/RC_CGIC_INST/SE
                                     Unconstrained signal arriving at end point
                                                                      setup_view
    u_compute/u_array_rows[0].cols[0].u_mac/RC_CG_HIER_INST1/RC_CGIC_INST/SE
                                     Unconstrained signal arriving at end point
                                                                      setup_view
    u_compute/u_array_rows[0].cols[1].u_mac/RC_CG_HIER_INST3/RC_CGIC_INST/SE
                                     Unconstrained signal arriving at end point
                                                                      setup_view
    u_compute/u_array_rows[0].cols[2].u_mac/RC_CG_HIER_INST5/RC_CGIC_INST/SE
                                     Unconstrained signal arriving at end point
                                                                      setup_view
    u_compute/u_array_rows[0].cols[3].u_mac/RC_CG_HIER_INST7/RC_CGIC_INST/SE
                                     Unconstrained signal arriving at end point
                                                                      setup_view
    u_compute/u_array_rows[1].cols[0].u_mac/RC_CG_HIER_INST9/RC_CGIC_INST/SE
                                     Unconstrained signal arriving at end point
                                                                      setup_view
    u_compute/u_array_rows[1].cols[1].u_mac/RC_CG_HIER_INST11/RC_CGIC_INST/SE
                                     Unconstrained signal arriving at end point
                                                                      setup_view
    u_compute/u_array_rows[1].cols[2].u_mac/RC_CG_HIER_INST13/RC_CGIC_INST/SE
                                     Unconstrained signal arriving at end point
                                                                      setup_view
    u_compute/u_array_rows[1].cols[3].u_mac/RC_CG_HIER_INST15/RC_CGIC_INST/SE
                                     Unconstrained signal arriving at end point
                                                                      setup_view
    u_compute/u_array_rows[2].cols[0].u_mac/RC_CG_HIER_INST17/RC_CGIC_INST/SE
                                     Unconstrained signal arriving at end point
                                                                      setup_view
    u_compute/u_array_rows[2].cols[1].u_mac/RC_CG_HIER_INST19/RC_CGIC_INST/SE
                                     Unconstrained signal arriving at end point
                                                                      setup_view
    u_compute/u_array_rows[2].cols[2].u_mac/RC_CG_HIER_INST21/RC_CGIC_INST/SE
                                     Unconstrained signal arriving at end point
                                                                      setup_view
    u_compute/u_array_rows[2].cols[3].u_mac/RC_CG_HIER_INST23/RC_CGIC_INST/SE
                                     Unconstrained signal arriving at end point
                                                                      setup_view
    u_compute/u_array_rows[3].cols[0].u_mac/RC_CG_HIER_INST25/RC_CGIC_INST/SE
                                     Unconstrained signal arriving at end point
                                                                      setup_view
    u_compute/u_array_rows[3].cols[1].u_mac/RC_CG_HIER_INST27/RC_CGIC_INST/SE
                                     Unconstrained signal arriving at end point
                                                                      setup_view
    u_compute/u_array_rows[3].cols[2].u_mac/RC_CG_HIER_INST29/RC_CGIC_INST/SE
                                     Unconstrained signal arriving at end point
                                                                      setup_view
    u_compute/u_array_rows[3].cols[3].u_mac/RC_CG_HIER_INST31/RC_CGIC_INST/SE
                                     Unconstrained signal arriving at end point
                                                                      setup_view
    u_compute/RC_CG_DECLONE_HIER_INST/RC_CGIC_INST/SE
                                     Unconstrained signal arriving at end point
                                                                      setup_view
    u_memory/RC_CG_HIER_INST33/RC_CGIC_INST/SE
                                     Unconstrained signal arriving at end point
                                                                      setup_view
    u_memory/RC_CG_HIER_INST34/RC_CGIC_INST/SE
                                     Unconstrained signal arriving at end point
                                                                      setup_view
    u_memory/RC_CG_HIER_INST35/RC_CGIC_INST/SE
                                     Unconstrained signal arriving at end point
                                                                      setup_view
    u_memory/RC_CG_HIER_INST36/RC_CGIC_INST/SE
                                     Unconstrained signal arriving at end point
                                                                      setup_view
    u_memory/RC_CG_HIER_INST37/RC_CGIC_INST/SE
                                     Unconstrained signal arriving at end point
                                                                      setup_view
    u_memory/RC_CG_HIER_INST38/RC_CGIC_INST/SE
                                     Unconstrained signal arriving at end point
                                                                      setup_view
    u_memory/RC_CG_HIER_INST39/RC_CGIC_INST/SE
                                     Unconstrained signal arriving at end point
                                                                      setup_view
    u_memory/RC_CG_HIER_INST40/RC_CGIC_INST/SE
                                     Unconstrained signal arriving at end point
                                                                      setup_view
    u_memory/RC_CG_HIER_INST41/RC_CGIC_INST/SE
                                     Unconstrained signal arriving at end point
                                                                      setup_view
    u_memory/RC_CG_HIER_INST42/RC_CGIC_INST/SE
                                     Unconstrained signal arriving at end point
                                                                      setup_view
    u_memory/RC_CG_HIER_INST43/RC_CGIC_INST/SE
                                     Unconstrained signal arriving at end point
                                                                      setup_view
    u_memory/RC_CG_HIER_INST44/RC_CGIC_INST/SE
                                     Unconstrained signal arriving at end point
                                                                      setup_view
    u_memory/RC_CG_HIER_INST45/RC_CGIC_INST/SE
                                     Unconstrained signal arriving at end point
                                                                      setup_view
    u_memory/RC_CG_HIER_INST46/RC_CGIC_INST/SE
                                     Unconstrained signal arriving at end point
                                                                      setup_view
    u_memory/RC_CG_HIER_INST47/RC_CGIC_INST/SE
                                     Unconstrained signal arriving at end point
                                                                      setup_view
    u_memory/RC_CG_HIER_INST48/RC_CGIC_INST/SE
                                     Unconstrained signal arriving at end point
                                                                      setup_view
    u_memory/RC_CG_HIER_INST49/RC_CGIC_INST/SE
                                     Unconstrained signal arriving at end point
                                                                      setup_view
    u_memory/RC_CG_HIER_INST50/RC_CGIC_INST/SE
                                     Unconstrained signal arriving at end point
                                                                      setup_view
    u_memory/RC_CG_HIER_INST51/RC_CGIC_INST/SE
                                     Unconstrained signal arriving at end point
                                                                      setup_view
    u_memory/RC_CG_HIER_INST52/RC_CGIC_INST/SE
                                     Unconstrained signal arriving at end point
                                                                      setup_view
    u_memory/RC_CG_HIER_INST53/RC_CGIC_INST/SE
                                     Unconstrained signal arriving at end point
                                                                      setup_view
    u_memory/RC_CG_HIER_INST54/RC_CGIC_INST/SE
                                     Unconstrained signal arriving at end point
                                                                      setup_view
    u_memory/RC_CG_HIER_INST55/RC_CGIC_INST/SE
                                     Unconstrained signal arriving at end point
                                                                      setup_view
    u_memory/RC_CG_HIER_INST56/RC_CGIC_INST/SE
                                     Unconstrained signal arriving at end point
                                                                      setup_view
    u_memory/RC_CG_HIER_INST57/RC_CGIC_INST/SE
                                     Unconstrained signal arriving at end point
                                                                      setup_view
    u_memory/RC_CG_HIER_INST58/RC_CGIC_INST/SE
                                     Unconstrained signal arriving at end point
                                                                      setup_view
    u_memory/RC_CG_HIER_INST59/RC_CGIC_INST/SE
                                     Unconstrained signal arriving at end point
                                                                      setup_view
    u_memory/RC_CG_HIER_INST60/RC_CGIC_INST/SE
                                     Unconstrained signal arriving at end point
                                                                      setup_view
    u_memory/RC_CG_HIER_INST61/RC_CGIC_INST/SE
                                     Unconstrained signal arriving at end point
                                                                      setup_view
    u_memory/RC_CG_HIER_INST62/RC_CGIC_INST/SE
                                     Unconstrained signal arriving at end point
                                                                      setup_view
    u_memory/RC_CG_HIER_INST63/RC_CGIC_INST/SE
                                     Unconstrained signal arriving at end point
                                                                      setup_view
    u_memory/RC_CG_HIER_INST64/RC_CGIC_INST/SE
                                     Unconstrained signal arriving at end point
                                                                      setup_view
    u_memory/RC_CG_HIER_INST65/RC_CGIC_INST/SE
                                     Unconstrained signal arriving at end point
                                                                      setup_view
    u_memory/RC_CG_HIER_INST66/RC_CGIC_INST/SE
                                     Unconstrained signal arriving at end point
                                                                      setup_view
    u_memory/RC_CG_HIER_INST67/RC_CGIC_INST/SE
                                     Unconstrained signal arriving at end point
                                                                      setup_view
    u_memory/RC_CG_HIER_INST68/RC_CGIC_INST/SE
                                     Unconstrained signal arriving at end point
                                                                      setup_view
    u_memory/RC_CG_HIER_INST69/RC_CGIC_INST/SE
                                     Unconstrained signal arriving at end point
                                                                      setup_view
    u_memory/RC_CG_HIER_INST70/RC_CGIC_INST/SE
                                     Unconstrained signal arriving at end point
                                                                      setup_view
    u_memory/RC_CG_HIER_INST71/RC_CGIC_INST/SE
                                     Unconstrained signal arriving at end point
                                                                      setup_view
    u_memory/RC_CG_HIER_INST72/RC_CGIC_INST/SE
                                     Unconstrained signal arriving at end point
                                                                      setup_view
    u_memory/RC_CG_HIER_INST73/RC_CGIC_INST/SE
                                     Unconstrained signal arriving at end point
                                                                      setup_view
    u_memory/RC_CG_HIER_INST74/RC_CGIC_INST/SE
                                     Unconstrained signal arriving at end point
                                                                      setup_view
    u_memory/RC_CG_HIER_INST75/RC_CGIC_INST/SE
                                     Unconstrained signal arriving at end point
                                                                      setup_view
    u_memory/RC_CG_HIER_INST76/RC_CGIC_INST/SE
                                     Unconstrained signal arriving at end point
                                                                      setup_view
    u_memory/RC_CG_HIER_INST77/RC_CGIC_INST/SE
                                     Unconstrained signal arriving at end point
                                                                      setup_view
    u_memory/RC_CG_HIER_INST78/RC_CGIC_INST/SE
                                     Unconstrained signal arriving at end point
                                                                      setup_view
    u_memory/RC_CG_HIER_INST79/RC_CGIC_INST/SE
                                     Unconstrained signal arriving at end point
                                                                      setup_view
    u_memory/RC_CG_HIER_INST80/RC_CGIC_INST/SE
                                     Unconstrained signal arriving at end point
                                                                      setup_view
    u_memory/RC_CG_HIER_INST81/RC_CGIC_INST/SE
                                     Unconstrained signal arriving at end point
                                                                      setup_view
    u_memory/RC_CG_HIER_INST82/RC_CGIC_INST/SE
                                     Unconstrained signal arriving at end point
                                                                      setup_view
    u_memory/RC_CG_HIER_INST83/RC_CGIC_INST/SE
                                     Unconstrained signal arriving at end point
                                                                      setup_view
    u_memory/RC_CG_HIER_INST84/RC_CGIC_INST/SE
                                     Unconstrained signal arriving at end point
                                                                      setup_view
    u_memory/RC_CG_HIER_INST85/RC_CGIC_INST/SE
                                     Unconstrained signal arriving at end point
                                                                      setup_view
    u_memory/RC_CG_HIER_INST86/RC_CGIC_INST/SE
                                     Unconstrained signal arriving at end point
                                                                      setup_view
    u_memory/RC_CG_HIER_INST87/RC_CGIC_INST/SE
                                     Unconstrained signal arriving at end point
                                                                      setup_view
    u_memory/RC_CG_HIER_INST88/RC_CGIC_INST/SE
                                     Unconstrained signal arriving at end point
                                                                      setup_view
    u_memory/RC_CG_HIER_INST89/RC_CGIC_INST/SE
                                     Unconstrained signal arriving at end point
                                                                      setup_view
    u_memory/RC_CG_HIER_INST90/RC_CGIC_INST/SE
                                     Unconstrained signal arriving at end point
                                                                      setup_view
    u_memory/RC_CG_HIER_INST91/RC_CGIC_INST/SE
                                     Unconstrained signal arriving at end point
                                                                      setup_view
    u_memory/RC_CG_HIER_INST92/RC_CGIC_INST/SE
                                     Unconstrained signal arriving at end point
                                                                      setup_view
    u_memory/RC_CG_HIER_INST93/RC_CGIC_INST/SE
                                     Unconstrained signal arriving at end point
                                                                      setup_view
    u_memory/RC_CG_HIER_INST94/RC_CGIC_INST/SE
                                     Unconstrained signal arriving at end point
                                                                      setup_view
    u_memory/RC_CG_HIER_INST95/RC_CGIC_INST/SE
                                     Unconstrained signal arriving at end point
                                                                      setup_view
    u_memory/RC_CG_HIER_INST96/RC_CGIC_INST/SE
                                     Unconstrained signal arriving at end point
                                                                      setup_view
    u_memory/RC_CG_HIER_INST97/RC_CGIC_INST/SE
                                     Unconstrained signal arriving at end point
                                                                      setup_view
    u_memory/RC_CG_HIER_INST98/RC_CGIC_INST/SE
                                     Unconstrained signal arriving at end point
                                                                      setup_view
    u_memory/RC_CG_HIER_INST99/RC_CGIC_INST/SE
                                     Unconstrained signal arriving at end point
                                                                      setup_view
    u_memory/RC_CG_HIER_INST100/RC_CGIC_INST/SE
                                     Unconstrained signal arriving at end point
                                                                      setup_view
    u_memory/RC_CG_HIER_INST101/RC_CGIC_INST/SE
                                     Unconstrained signal arriving at end point
                                                                      setup_view
    u_memory/RC_CG_HIER_INST102/RC_CGIC_INST/SE
                                     Unconstrained signal arriving at end point
                                                                      setup_view
    u_memory/RC_CG_HIER_INST103/RC_CGIC_INST/SE
                                     Unconstrained signal arriving at end point
                                                                      setup_view
    u_memory/RC_CG_HIER_INST104/RC_CGIC_INST/SE
                                     Unconstrained signal arriving at end point
                                                                      setup_view
    u_memory/RC_CG_HIER_INST105/RC_CGIC_INST/SE
                                     Unconstrained signal arriving at end point
                                                                      setup_view
    u_memory/RC_CG_HIER_INST106/RC_CGIC_INST/SE
                                     Unconstrained signal arriving at end point
                                                                      setup_view
    u_memory/RC_CG_HIER_INST107/RC_CGIC_INST/SE
                                     Unconstrained signal arriving at end point
                                                                      setup_view
    u_memory/RC_CG_HIER_INST108/RC_CGIC_INST/SE
                                     Unconstrained signal arriving at end point
                                                                      setup_view
    u_memory/RC_CG_HIER_INST109/RC_CGIC_INST/SE
                                     Unconstrained signal arriving at end point
                                                                      setup_view
    u_memory/RC_CG_HIER_INST110/RC_CGIC_INST/SE
                                     Unconstrained signal arriving at end point
                                                                      setup_view
    u_memory/RC_CG_HIER_INST111/RC_CGIC_INST/SE
                                     Unconstrained signal arriving at end point
                                                                      setup_view
    u_memory/RC_CG_HIER_INST112/RC_CGIC_INST/SE
                                     Unconstrained signal arriving at end point
                                                                      setup_view
    u_memory/RC_CG_HIER_INST113/RC_CGIC_INST/SE
                                     Unconstrained signal arriving at end point
                                                                      setup_view
    u_memory/RC_CG_HIER_INST114/RC_CGIC_INST/SE
                                     Unconstrained signal arriving at end point
                                                                      setup_view
    u_memory/RC_CG_HIER_INST115/RC_CGIC_INST/SE
                                     Unconstrained signal arriving at end point
                                                                      setup_view
    u_memory/RC_CG_HIER_INST116/RC_CGIC_INST/SE
                                     Unconstrained signal arriving at end point
                                                                      setup_view
    u_memory/RC_CG_HIER_INST117/RC_CGIC_INST/SE
                                     Unconstrained signal arriving at end point
                                                                      setup_view
    u_memory/RC_CG_HIER_INST118/RC_CGIC_INST/SE
                                     Unconstrained signal arriving at end point
                                                                      setup_view
    u_memory/RC_CG_HIER_INST119/RC_CGIC_INST/SE
                                     Unconstrained signal arriving at end point
                                                                      setup_view
    u_memory/RC_CG_HIER_INST120/RC_CGIC_INST/SE
                                     Unconstrained signal arriving at end point
                                                                      setup_view
    u_memory/RC_CG_HIER_INST121/RC_CGIC_INST/SE
                                     Unconstrained signal arriving at end point
                                                                      setup_view
    u_memory/RC_CG_HIER_INST122/RC_CGIC_INST/SE
                                     Unconstrained signal arriving at end point
                                                                      setup_view
    u_memory/RC_CG_HIER_INST123/RC_CGIC_INST/SE
                                     Unconstrained signal arriving at end point
                                                                      setup_view
    u_memory/RC_CG_HIER_INST124/RC_CGIC_INST/SE
                                     Unconstrained signal arriving at end point
                                                                      setup_view
    u_memory/RC_CG_HIER_INST125/RC_CGIC_INST/SE
                                     Unconstrained signal arriving at end point
                                                                      setup_view
    u_memory/RC_CG_HIER_INST126/RC_CGIC_INST/SE
                                     Unconstrained signal arriving at end point
                                                                      setup_view
    u_memory/RC_CG_HIER_INST127/RC_CGIC_INST/SE
                                     Unconstrained signal arriving at end point
                                                                      setup_view
    u_memory/RC_CG_HIER_INST128/RC_CGIC_INST/SE
                                     Unconstrained signal arriving at end point
                                                                      setup_view
    u_memory/RC_CG_HIER_INST129/RC_CGIC_INST/SE
                                     Unconstrained signal arriving at end point
                                                                      setup_view
    u_memory/RC_CG_HIER_INST130/RC_CGIC_INST/SE
                                     Unconstrained signal arriving at end point
                                                                      setup_view
    u_memory/RC_CG_HIER_INST131/RC_CGIC_INST/SE
                                     Unconstrained signal arriving at end point
                                                                      setup_view
    u_memory/RC_CG_HIER_INST132/RC_CGIC_INST/SE
                                     Unconstrained signal arriving at end point
                                                                      setup_view
    u_memory/RC_CG_HIER_INST133/RC_CGIC_INST/SE
                                     Unconstrained signal arriving at end point
                                                                      setup_view
    u_memory/RC_CG_HIER_INST134/RC_CGIC_INST/SE
                                     Unconstrained signal arriving at end point
                                                                      setup_view
    u_memory/RC_CG_HIER_INST135/RC_CGIC_INST/SE
                                     Unconstrained signal arriving at end point
                                                                      setup_view
    u_memory/RC_CG_HIER_INST136/RC_CGIC_INST/SE
                                     Unconstrained signal arriving at end point
                                                                      setup_view
    u_memory/RC_CG_HIER_INST137/RC_CGIC_INST/SE
                                     Unconstrained signal arriving at end point
                                                                      setup_view
    u_memory/RC_CG_HIER_INST138/RC_CGIC_INST/SE
                                     Unconstrained signal arriving at end point
                                                                      setup_view
    u_memory/RC_CG_HIER_INST139/RC_CGIC_INST/SE
                                     Unconstrained signal arriving at end point
                                                                      setup_view
    u_memory/RC_CG_HIER_INST140/RC_CGIC_INST/SE
                                     Unconstrained signal arriving at end point
                                                                      setup_view
    u_memory/RC_CG_HIER_INST141/RC_CGIC_INST/SE
                                     Unconstrained signal arriving at end point
                                                                      setup_view
    u_memory/RC_CG_HIER_INST142/RC_CGIC_INST/SE
                                     Unconstrained signal arriving at end point
                                                                      setup_view
    u_memory/RC_CG_HIER_INST143/RC_CGIC_INST/SE
                                     Unconstrained signal arriving at end point
                                                                      setup_view
    u_memory/RC_CG_HIER_INST144/RC_CGIC_INST/SE
                                     Unconstrained signal arriving at end point
                                                                      setup_view
    u_memory/RC_CG_HIER_INST145/RC_CGIC_INST/SE
                                     Unconstrained signal arriving at end point
                                                                      setup_view
    u_memory/RC_CG_HIER_INST146/RC_CGIC_INST/SE
                                     Unconstrained signal arriving at end point
                                                                      setup_view
    u_memory/RC_CG_HIER_INST147/RC_CGIC_INST/SE
                                     Unconstrained signal arriving at end point
                                                                      setup_view
    u_memory/RC_CG_HIER_INST148/RC_CGIC_INST/SE
                                     Unconstrained signal arriving at end point
                                                                      setup_view
    u_memory/RC_CG_HIER_INST149/RC_CGIC_INST/SE
                                     Unconstrained signal arriving at end point
                                                                      setup_view
    u_memory/RC_CG_HIER_INST150/RC_CGIC_INST/SE
                                     Unconstrained signal arriving at end point
                                                                      setup_view
    u_memory/RC_CG_HIER_INST151/RC_CGIC_INST/SE
                                     Unconstrained signal arriving at end point
                                                                      setup_view
    u_memory/RC_CG_HIER_INST152/RC_CGIC_INST/SE
                                     Unconstrained signal arriving at end point
                                                                      setup_view
    u_memory/RC_CG_HIER_INST153/RC_CGIC_INST/SE
                                     Unconstrained signal arriving at end point
                                                                      setup_view
    u_memory/RC_CG_HIER_INST154/RC_CGIC_INST/SE
                                     Unconstrained signal arriving at end point
                                                                      setup_view
    u_memory/RC_CG_HIER_INST155/RC_CGIC_INST/SE
                                     Unconstrained signal arriving at end point
                                                                      setup_view
    u_memory/RC_CG_HIER_INST156/RC_CGIC_INST/SE
                                     Unconstrained signal arriving at end point
                                                                      setup_view
    u_memory/RC_CG_HIER_INST157/RC_CGIC_INST/SE
                                     Unconstrained signal arriving at end point
                                                                      setup_view
    u_memory/RC_CG_HIER_INST158/RC_CGIC_INST/SE
                                     Unconstrained signal arriving at end point
                                                                      setup_view
    u_memory/RC_CG_HIER_INST159/RC_CGIC_INST/SE
                                     Unconstrained signal arriving at end point
                                                                      setup_view
    u_memory/RC_CG_HIER_INST160/RC_CGIC_INST/SE
                                     Unconstrained signal arriving at end point
                                                                      setup_view
    u_memory/RC_CG_HIER_INST161/RC_CGIC_INST/SE
                                     Unconstrained signal arriving at end point
                                                                      setup_view
    u_memory/RC_CG_HIER_INST162/RC_CGIC_INST/SE
                                     Unconstrained signal arriving at end point
                                                                      setup_view
    u_memory/RC_CG_HIER_INST163/RC_CGIC_INST/SE
                                     Unconstrained signal arriving at end point
                                                                      setup_view
    u_memory/RC_CG_HIER_INST164/RC_CGIC_INST/SE
                                     Unconstrained signal arriving at end point
                                                                      setup_view
    u_memory/RC_CG_HIER_INST165/RC_CGIC_INST/SE
                                     Unconstrained signal arriving at end point
                                                                      setup_view
    u_memory/RC_CG_HIER_INST166/RC_CGIC_INST/SE
                                     Unconstrained signal arriving at end point
                                                                      setup_view
    u_memory/RC_CG_HIER_INST167/RC_CGIC_INST/SE
                                     Unconstrained signal arriving at end point
                                                                      setup_view
    u_memory/RC_CG_HIER_INST168/RC_CGIC_INST/SE
                                     Unconstrained signal arriving at end point
                                                                      setup_view
    u_memory/RC_CG_HIER_INST169/RC_CGIC_INST/SE
                                     Unconstrained signal arriving at end point
                                                                      setup_view
    u_memory/RC_CG_HIER_INST170/RC_CGIC_INST/SE
                                     Unconstrained signal arriving at end point
                                                                      setup_view
    u_memory/RC_CG_HIER_INST171/RC_CGIC_INST/SE
                                     Unconstrained signal arriving at end point
                                                                      setup_view
    u_memory/RC_CG_HIER_INST172/RC_CGIC_INST/SE
                                     Unconstrained signal arriving at end point
                                                                      setup_view
    u_memory/RC_CG_HIER_INST173/RC_CGIC_INST/SE
                                     Unconstrained signal arriving at end point
                                                                      setup_view
    u_memory/RC_CG_HIER_INST174/RC_CGIC_INST/SE
                                     Unconstrained signal arriving at end point
                                                                      setup_view
    u_memory/RC_CG_HIER_INST175/RC_CGIC_INST/SE
                                     Unconstrained signal arriving at end point
                                                                      setup_view
    u_memory/RC_CG_HIER_INST176/RC_CGIC_INST/SE
                                     Unconstrained signal arriving at end point
                                                                      setup_view
    u_memory/RC_CG_HIER_INST177/RC_CGIC_INST/SE
                                     Unconstrained signal arriving at end point
                                                                      setup_view
    u_memory/RC_CG_HIER_INST178/RC_CGIC_INST/SE
                                     Unconstrained signal arriving at end point
                                                                      setup_view
    u_memory/RC_CG_HIER_INST179/RC_CGIC_INST/SE
                                     Unconstrained signal arriving at end point
                                                                      setup_view
    u_memory/RC_CG_HIER_INST180/RC_CGIC_INST/SE
                                     Unconstrained signal arriving at end point
                                                                      setup_view
    u_memory/RC_CG_HIER_INST181/RC_CGIC_INST/SE
                                     Unconstrained signal arriving at end point
                                                                      setup_view
    u_memory/RC_CG_HIER_INST182/RC_CGIC_INST/SE
                                     Unconstrained signal arriving at end point
                                                                      setup_view
    u_memory/RC_CG_HIER_INST183/RC_CGIC_INST/SE
                                     Unconstrained signal arriving at end point
                                                                      setup_view
    u_memory/RC_CG_HIER_INST184/RC_CGIC_INST/SE
                                     Unconstrained signal arriving at end point
                                                                      setup_view
    u_memory/RC_CG_HIER_INST185/RC_CGIC_INST/SE
                                     Unconstrained signal arriving at end point
                                                                      setup_view
    u_memory/RC_CG_HIER_INST186/RC_CGIC_INST/SE
                                     Unconstrained signal arriving at end point
                                                                      setup_view
    u_memory/RC_CG_HIER_INST187/RC_CGIC_INST/SE
                                     Unconstrained signal arriving at end point
                                                                      setup_view
    u_memory/RC_CG_HIER_INST188/RC_CGIC_INST/SE
                                     Unconstrained signal arriving at end point
                                                                      setup_view
    u_memory/RC_CG_HIER_INST189/RC_CGIC_INST/SE
                                     Unconstrained signal arriving at end point
                                                                      setup_view
    u_memory/RC_CG_HIER_INST190/RC_CGIC_INST/SE
                                     Unconstrained signal arriving at end point
                                                                      setup_view
    u_memory/RC_CG_HIER_INST191/RC_CGIC_INST/SE
                                     Unconstrained signal arriving at end point
                                                                      setup_view
    u_memory/RC_CG_HIER_INST192/RC_CGIC_INST/SE
                                     Unconstrained signal arriving at end point
                                                                      setup_view
    u_memory/RC_CG_HIER_INST193/RC_CGIC_INST/SE
                                     Unconstrained signal arriving at end point
                                                                      setup_view
    u_memory/RC_CG_HIER_INST194/RC_CGIC_INST/SE
                                     Unconstrained signal arriving at end point
                                                                      setup_view
    u_memory/RC_CG_HIER_INST195/RC_CGIC_INST/SE
                                     Unconstrained signal arriving at end point
                                                                      setup_view
    u_memory/RC_CG_HIER_INST196/RC_CGIC_INST/SE
                                     Unconstrained signal arriving at end point
                                                                      setup_view
    u_memory/RC_CG_HIER_INST197/RC_CGIC_INST/SE
                                     Unconstrained signal arriving at end point
                                                                      setup_view
    u_memory/RC_CG_HIER_INST198/RC_CGIC_INST/SE
                                     Unconstrained signal arriving at end point
                                                                      setup_view
    u_memory/RC_CG_HIER_INST199/RC_CGIC_INST/SE
                                     Unconstrained signal arriving at end point
                                                                      setup_view
    u_memory/RC_CG_HIER_INST200/RC_CGIC_INST/SE
                                     Unconstrained signal arriving at end point
                                                                      setup_view
    u_memory/RC_CG_HIER_INST201/RC_CGIC_INST/SE
                                     Unconstrained signal arriving at end point
                                                                      setup_view
    u_memory/RC_CG_HIER_INST202/RC_CGIC_INST/SE
                                     Unconstrained signal arriving at end point
                                                                      setup_view
    u_memory/RC_CG_HIER_INST203/RC_CGIC_INST/SE
                                     Unconstrained signal arriving at end point
                                                                      setup_view
    u_memory/RC_CG_HIER_INST204/RC_CGIC_INST/SE
                                     Unconstrained signal arriving at end point
                                                                      setup_view
    u_memory/RC_CG_HIER_INST205/RC_CGIC_INST/SE
                                     Unconstrained signal arriving at end point
                                                                      setup_view
    u_memory/RC_CG_HIER_INST206/RC_CGIC_INST/SE
                                     Unconstrained signal arriving at end point
                                                                      setup_view
    u_memory/RC_CG_HIER_INST207/RC_CGIC_INST/SE
                                     Unconstrained signal arriving at end point
                                                                      setup_view
    u_memory/RC_CG_HIER_INST208/RC_CGIC_INST/SE
                                     Unconstrained signal arriving at end point
                                                                      setup_view
    u_memory/RC_CG_HIER_INST209/RC_CGIC_INST/SE
                                     Unconstrained signal arriving at end point
                                                                      setup_view
    u_memory/RC_CG_HIER_INST210/RC_CGIC_INST/SE
                                     Unconstrained signal arriving at end point
                                                                      setup_view
    u_memory/RC_CG_HIER_INST211/RC_CGIC_INST/SE
                                     Unconstrained signal arriving at end point
                                                                      setup_view
    u_memory/RC_CG_HIER_INST212/RC_CGIC_INST/SE
                                     Unconstrained signal arriving at end point
                                                                      setup_view
    u_memory/RC_CG_HIER_INST213/RC_CGIC_INST/SE
                                     Unconstrained signal arriving at end point
                                                                      setup_view
    u_memory/RC_CG_HIER_INST214/RC_CGIC_INST/SE
                                     Unconstrained signal arriving at end point
                                                                      setup_view
    u_memory/RC_CG_HIER_INST215/RC_CGIC_INST/SE
                                     Unconstrained signal arriving at end point
                                                                      setup_view
    u_memory/RC_CG_HIER_INST216/RC_CGIC_INST/SE
                                     Unconstrained signal arriving at end point
                                                                      setup_view
    u_memory/RC_CG_HIER_INST217/RC_CGIC_INST/SE
                                     Unconstrained signal arriving at end point
                                                                      setup_view
    u_memory/RC_CG_HIER_INST218/RC_CGIC_INST/SE
                                     Unconstrained signal arriving at end point
                                                                      setup_view
    u_memory/RC_CG_HIER_INST219/RC_CGIC_INST/SE
                                     Unconstrained signal arriving at end point
                                                                      setup_view
    u_memory/RC_CG_HIER_INST220/RC_CGIC_INST/SE
                                     Unconstrained signal arriving at end point
                                                                      setup_view
    u_memory/RC_CG_HIER_INST221/RC_CGIC_INST/SE
                                     Unconstrained signal arriving at end point
                                                                      setup_view
    u_memory/RC_CG_HIER_INST222/RC_CGIC_INST/SE
                                     Unconstrained signal arriving at end point
                                                                      setup_view
    u_memory/RC_CG_HIER_INST223/RC_CGIC_INST/SE
                                     Unconstrained signal arriving at end point
                                                                      setup_view
    u_memory/RC_CG_HIER_INST224/RC_CGIC_INST/SE
                                     Unconstrained signal arriving at end point
                                                                      setup_view
    u_memory/RC_CG_HIER_INST225/RC_CGIC_INST/SE
                                     Unconstrained signal arriving at end point
                                                                      setup_view
    u_memory/RC_CG_HIER_INST226/RC_CGIC_INST/SE
                                     Unconstrained signal arriving at end point
                                                                      setup_view
    u_memory/RC_CG_HIER_INST227/RC_CGIC_INST/SE
                                     Unconstrained signal arriving at end point
                                                                      setup_view
    u_memory/RC_CG_HIER_INST228/RC_CGIC_INST/SE
                                     Unconstrained signal arriving at end point
                                                                      setup_view
    u_memory/RC_CG_HIER_INST229/RC_CGIC_INST/SE
                                     Unconstrained signal arriving at end point
                                                                      setup_view
    u_memory/RC_CG_HIER_INST230/RC_CGIC_INST/SE
                                     Unconstrained signal arriving at end point
                                                                      setup_view
    u_memory/RC_CG_HIER_INST231/RC_CGIC_INST/SE
                                     Unconstrained signal arriving at end point
                                                                      setup_view
    u_memory/RC_CG_HIER_INST232/RC_CGIC_INST/SE
                                     Unconstrained signal arriving at end point
                                                                      setup_view
    u_memory/RC_CG_HIER_INST233/RC_CGIC_INST/SE
                                     Unconstrained signal arriving at end point
                                                                      setup_view
    u_memory/RC_CG_HIER_INST234/RC_CGIC_INST/SE
                                     Unconstrained signal arriving at end point
                                                                      setup_view
    u_memory/RC_CG_HIER_INST235/RC_CGIC_INST/SE
                                     Unconstrained signal arriving at end point
                                                                      setup_view
    u_memory/RC_CG_HIER_INST236/RC_CGIC_INST/SE
                                     Unconstrained signal arriving at end point
                                                                      setup_view
    u_memory/RC_CG_HIER_INST237/RC_CGIC_INST/SE
                                     Unconstrained signal arriving at end point
                                                                      setup_view
    u_memory/RC_CG_HIER_INST238/RC_CGIC_INST/SE
                                     Unconstrained signal arriving at end point
                                                                      setup_view
    u_memory/RC_CG_HIER_INST239/RC_CGIC_INST/SE
                                     Unconstrained signal arriving at end point
                                                                      setup_view
    u_memory/RC_CG_HIER_INST240/RC_CGIC_INST/SE
                                     Unconstrained signal arriving at end point
                                                                      setup_view
    u_memory/RC_CG_HIER_INST241/RC_CGIC_INST/SE
                                     Unconstrained signal arriving at end point
                                                                      setup_view
    u_memory/RC_CG_HIER_INST242/RC_CGIC_INST/SE
                                     Unconstrained signal arriving at end point
                                                                      setup_view
    u_memory/RC_CG_HIER_INST243/RC_CGIC_INST/SE
                                     Unconstrained signal arriving at end point
                                                                      setup_view
    u_memory/RC_CG_HIER_INST244/RC_CGIC_INST/SE
                                     Unconstrained signal arriving at end point
                                                                      setup_view
    u_memory/RC_CG_HIER_INST245/RC_CGIC_INST/SE
                                     Unconstrained signal arriving at end point
                                                                      setup_view
    u_memory/RC_CG_HIER_INST246/RC_CGIC_INST/SE
                                     Unconstrained signal arriving at end point
                                                                      setup_view
    u_memory/RC_CG_HIER_INST247/RC_CGIC_INST/SE
                                     Unconstrained signal arriving at end point
                                                                      setup_view
    u_memory/RC_CG_HIER_INST248/RC_CGIC_INST/SE
                                     Unconstrained signal arriving at end point
                                                                      setup_view
    u_memory/RC_CG_HIER_INST249/RC_CGIC_INST/SE
                                     Unconstrained signal arriving at end point
                                                                      setup_view
    u_memory/RC_CG_HIER_INST250/RC_CGIC_INST/SE
                                     Unconstrained signal arriving at end point
                                                                      setup_view
    u_memory/RC_CG_HIER_INST251/RC_CGIC_INST/SE
                                     Unconstrained signal arriving at end point
                                                                      setup_view
    u_memory/RC_CG_HIER_INST252/RC_CGIC_INST/SE
                                     Unconstrained signal arriving at end point
                                                                      setup_view
    u_memory/RC_CG_HIER_INST253/RC_CGIC_INST/SE
                                     Unconstrained signal arriving at end point
                                                                      setup_view
    u_memory/RC_CG_HIER_INST254/RC_CGIC_INST/SE
                                     Unconstrained signal arriving at end point
                                                                      setup_view
    u_memory/RC_CG_HIER_INST255/RC_CGIC_INST/SE
                                     Unconstrained signal arriving at end point
                                                                      setup_view
    u_memory/RC_CG_HIER_INST256/RC_CGIC_INST/SE
                                     Unconstrained signal arriving at end point
                                                                      setup_view
    u_memory/RC_CG_HIER_INST257/RC_CGIC_INST/SE
                                     Unconstrained signal arriving at end point
                                                                      setup_view
    u_memory/RC_CG_HIER_INST258/RC_CGIC_INST/SE
                                     Unconstrained signal arriving at end point
                                                                      setup_view
    u_memory/RC_CG_HIER_INST259/RC_CGIC_INST/SE
                                     Unconstrained signal arriving at end point
                                                                      setup_view
    u_memory/RC_CG_HIER_INST260/RC_CGIC_INST/SE
                                     Unconstrained signal arriving at end point
                                                                      setup_view
    u_memory/RC_CG_HIER_INST261/RC_CGIC_INST/SE
                                     Unconstrained signal arriving at end point
                                                                      setup_view
    u_memory/RC_CG_HIER_INST262/RC_CGIC_INST/SE
                                     Unconstrained signal arriving at end point
                                                                      setup_view
    u_memory/RC_CG_HIER_INST263/RC_CGIC_INST/SE
                                     Unconstrained signal arriving at end point
                                                                      setup_view
    u_memory/RC_CG_HIER_INST264/RC_CGIC_INST/SE
                                     Unconstrained signal arriving at end point
                                                                      setup_view
    u_memory/RC_CG_HIER_INST265/RC_CGIC_INST/SE
                                     Unconstrained signal arriving at end point
                                                                      setup_view
    u_memory/RC_CG_HIER_INST266/RC_CGIC_INST/SE
                                     Unconstrained signal arriving at end point
                                                                      setup_view
    u_memory/RC_CG_HIER_INST267/RC_CGIC_INST/SE
                                     Unconstrained signal arriving at end point
                                                                      setup_view
    u_memory/RC_CG_HIER_INST268/RC_CGIC_INST/SE
                                     Unconstrained signal arriving at end point
                                                                      setup_view
    u_memory/RC_CG_HIER_INST269/RC_CGIC_INST/SE
                                     Unconstrained signal arriving at end point
                                                                      setup_view
    u_memory/RC_CG_HIER_INST270/RC_CGIC_INST/SE
                                     Unconstrained signal arriving at end point
                                                                      setup_view
    u_memory/RC_CG_HIER_INST271/RC_CGIC_INST/SE
                                     Unconstrained signal arriving at end point
                                                                      setup_view
    u_memory/RC_CG_HIER_INST272/RC_CGIC_INST/SE
                                     Unconstrained signal arriving at end point
                                                                      setup_view
    u_memory/RC_CG_HIER_INST273/RC_CGIC_INST/SE
                                     Unconstrained signal arriving at end point
                                                                      setup_view
    u_memory/RC_CG_HIER_INST274/RC_CGIC_INST/SE
                                     Unconstrained signal arriving at end point
                                                                      setup_view
    u_memory/RC_CG_HIER_INST275/RC_CGIC_INST/SE
                                     Unconstrained signal arriving at end point
                                                                      setup_view
    u_memory/RC_CG_HIER_INST276/RC_CGIC_INST/SE
                                     Unconstrained signal arriving at end point
                                                                      setup_view
    u_memory/RC_CG_HIER_INST277/RC_CGIC_INST/SE
                                     Unconstrained signal arriving at end point
                                                                      setup_view
    u_memory/RC_CG_HIER_INST278/RC_CGIC_INST/SE
                                     Unconstrained signal arriving at end point
                                                                      setup_view
    u_memory/RC_CG_HIER_INST279/RC_CGIC_INST/SE
                                     Unconstrained signal arriving at end point
                                                                      setup_view
    u_memory/RC_CG_HIER_INST280/RC_CGIC_INST/SE
                                     Unconstrained signal arriving at end point
                                                                      setup_view
    u_memory/RC_CG_HIER_INST281/RC_CGIC_INST/SE
                                     Unconstrained signal arriving at end point
                                                                      setup_view
    u_memory/RC_CG_HIER_INST282/RC_CGIC_INST/SE
                                     Unconstrained signal arriving at end point
                                                                      setup_view
    u_memory/RC_CG_HIER_INST283/RC_CGIC_INST/SE
                                     Unconstrained signal arriving at end point
                                                                      setup_view
    u_memory/RC_CG_HIER_INST284/RC_CGIC_INST/SE
                                     Unconstrained signal arriving at end point
                                                                      setup_view
    u_memory/RC_CG_HIER_INST285/RC_CGIC_INST/SE
                                     Unconstrained signal arriving at end point
                                                                      setup_view
    u_memory/RC_CG_HIER_INST286/RC_CGIC_INST/SE
                                     Unconstrained signal arriving at end point
                                                                      setup_view
    u_memory/RC_CG_HIER_INST287/RC_CGIC_INST/SE
                                     Unconstrained signal arriving at end point
                                                                      setup_view
    u_memory/RC_CG_HIER_INST288/RC_CGIC_INST/SE
                                     Unconstrained signal arriving at end point
                                                                      setup_view
    u_memory/RC_CG_HIER_INST289/RC_CGIC_INST/SE
                                     Unconstrained signal arriving at end point
                                                                      setup_view
    u_reader/RC_CG_HIER_INST290/RC_CGIC_INST/SE
                                     Unconstrained signal arriving at end point
                                                                      setup_view
    u_reader/RC_CG_HIER_INST291/RC_CGIC_INST/SE
                                     Unconstrained signal arriving at end point
                                                                      setup_view
    u_reader/RC_CG_HIER_INST292/RC_CGIC_INST/SE
                                     Unconstrained signal arriving at end point
                                                                      setup_view
    u_compute/RC_CG_HIER_INST0/RC_CGIC_INST/SE
                                     Unconstrained signal arriving at end point
                                                                      hold_view
    u_compute/u_array_rows[0].cols[0].u_mac/RC_CG_HIER_INST1/RC_CGIC_INST/SE
                                     Unconstrained signal arriving at end point
                                                                      hold_view
    u_compute/u_array_rows[0].cols[1].u_mac/RC_CG_HIER_INST3/RC_CGIC_INST/SE
                                     Unconstrained signal arriving at end point
                                                                      hold_view
    u_compute/u_array_rows[0].cols[2].u_mac/RC_CG_HIER_INST5/RC_CGIC_INST/SE
                                     Unconstrained signal arriving at end point
                                                                      hold_view
    u_compute/u_array_rows[0].cols[3].u_mac/RC_CG_HIER_INST7/RC_CGIC_INST/SE
                                     Unconstrained signal arriving at end point
                                                                      hold_view
    u_compute/u_array_rows[1].cols[0].u_mac/RC_CG_HIER_INST9/RC_CGIC_INST/SE
                                     Unconstrained signal arriving at end point
                                                                      hold_view
    u_compute/u_array_rows[1].cols[1].u_mac/RC_CG_HIER_INST11/RC_CGIC_INST/SE
                                     Unconstrained signal arriving at end point
                                                                      hold_view
    u_compute/u_array_rows[1].cols[2].u_mac/RC_CG_HIER_INST13/RC_CGIC_INST/SE
                                     Unconstrained signal arriving at end point
                                                                      hold_view
    u_compute/u_array_rows[1].cols[3].u_mac/RC_CG_HIER_INST15/RC_CGIC_INST/SE
                                     Unconstrained signal arriving at end point
                                                                      hold_view
    u_compute/u_array_rows[2].cols[0].u_mac/RC_CG_HIER_INST17/RC_CGIC_INST/SE
                                     Unconstrained signal arriving at end point
                                                                      hold_view
    u_compute/u_array_rows[2].cols[1].u_mac/RC_CG_HIER_INST19/RC_CGIC_INST/SE
                                     Unconstrained signal arriving at end point
                                                                      hold_view
    u_compute/u_array_rows[2].cols[2].u_mac/RC_CG_HIER_INST21/RC_CGIC_INST/SE
                                     Unconstrained signal arriving at end point
                                                                      hold_view
    u_compute/u_array_rows[2].cols[3].u_mac/RC_CG_HIER_INST23/RC_CGIC_INST/SE
                                     Unconstrained signal arriving at end point
                                                                      hold_view
    u_compute/u_array_rows[3].cols[0].u_mac/RC_CG_HIER_INST25/RC_CGIC_INST/SE
                                     Unconstrained signal arriving at end point
                                                                      hold_view
    u_compute/u_array_rows[3].cols[1].u_mac/RC_CG_HIER_INST27/RC_CGIC_INST/SE
                                     Unconstrained signal arriving at end point
                                                                      hold_view
    u_compute/u_array_rows[3].cols[2].u_mac/RC_CG_HIER_INST29/RC_CGIC_INST/SE
                                     Unconstrained signal arriving at end point
                                                                      hold_view
    u_compute/u_array_rows[3].cols[3].u_mac/RC_CG_HIER_INST31/RC_CGIC_INST/SE
                                     Unconstrained signal arriving at end point
                                                                      hold_view
    u_compute/RC_CG_DECLONE_HIER_INST/RC_CGIC_INST/SE
                                     Unconstrained signal arriving at end point
                                                                      hold_view
    u_memory/RC_CG_HIER_INST33/RC_CGIC_INST/SE
                                     Unconstrained signal arriving at end point
                                                                      hold_view
    u_memory/RC_CG_HIER_INST34/RC_CGIC_INST/SE
                                     Unconstrained signal arriving at end point
                                                                      hold_view
    u_memory/RC_CG_HIER_INST35/RC_CGIC_INST/SE
                                     Unconstrained signal arriving at end point
                                                                      hold_view
    u_memory/RC_CG_HIER_INST36/RC_CGIC_INST/SE
                                     Unconstrained signal arriving at end point
                                                                      hold_view
    u_memory/RC_CG_HIER_INST37/RC_CGIC_INST/SE
                                     Unconstrained signal arriving at end point
                                                                      hold_view
    u_memory/RC_CG_HIER_INST38/RC_CGIC_INST/SE
                                     Unconstrained signal arriving at end point
                                                                      hold_view
    u_memory/RC_CG_HIER_INST39/RC_CGIC_INST/SE
                                     Unconstrained signal arriving at end point
                                                                      hold_view
    u_memory/RC_CG_HIER_INST40/RC_CGIC_INST/SE
                                     Unconstrained signal arriving at end point
                                                                      hold_view
    u_memory/RC_CG_HIER_INST41/RC_CGIC_INST/SE
                                     Unconstrained signal arriving at end point
                                                                      hold_view
    u_memory/RC_CG_HIER_INST42/RC_CGIC_INST/SE
                                     Unconstrained signal arriving at end point
                                                                      hold_view
    u_memory/RC_CG_HIER_INST43/RC_CGIC_INST/SE
                                     Unconstrained signal arriving at end point
                                                                      hold_view
    u_memory/RC_CG_HIER_INST44/RC_CGIC_INST/SE
                                     Unconstrained signal arriving at end point
                                                                      hold_view
    u_memory/RC_CG_HIER_INST45/RC_CGIC_INST/SE
                                     Unconstrained signal arriving at end point
                                                                      hold_view
    u_memory/RC_CG_HIER_INST46/RC_CGIC_INST/SE
                                     Unconstrained signal arriving at end point
                                                                      hold_view
    u_memory/RC_CG_HIER_INST47/RC_CGIC_INST/SE
                                     Unconstrained signal arriving at end point
                                                                      hold_view
    u_memory/RC_CG_HIER_INST48/RC_CGIC_INST/SE
                                     Unconstrained signal arriving at end point
                                                                      hold_view
    u_memory/RC_CG_HIER_INST49/RC_CGIC_INST/SE
                                     Unconstrained signal arriving at end point
                                                                      hold_view
    u_memory/RC_CG_HIER_INST50/RC_CGIC_INST/SE
                                     Unconstrained signal arriving at end point
                                                                      hold_view
    u_memory/RC_CG_HIER_INST51/RC_CGIC_INST/SE
                                     Unconstrained signal arriving at end point
                                                                      hold_view
    u_memory/RC_CG_HIER_INST52/RC_CGIC_INST/SE
                                     Unconstrained signal arriving at end point
                                                                      hold_view
    u_memory/RC_CG_HIER_INST53/RC_CGIC_INST/SE
                                     Unconstrained signal arriving at end point
                                                                      hold_view
    u_memory/RC_CG_HIER_INST54/RC_CGIC_INST/SE
                                     Unconstrained signal arriving at end point
                                                                      hold_view
    u_memory/RC_CG_HIER_INST55/RC_CGIC_INST/SE
                                     Unconstrained signal arriving at end point
                                                                      hold_view
    u_memory/RC_CG_HIER_INST56/RC_CGIC_INST/SE
                                     Unconstrained signal arriving at end point
                                                                      hold_view
    u_memory/RC_CG_HIER_INST57/RC_CGIC_INST/SE
                                     Unconstrained signal arriving at end point
                                                                      hold_view
    u_memory/RC_CG_HIER_INST58/RC_CGIC_INST/SE
                                     Unconstrained signal arriving at end point
                                                                      hold_view
    u_memory/RC_CG_HIER_INST59/RC_CGIC_INST/SE
                                     Unconstrained signal arriving at end point
                                                                      hold_view
    u_memory/RC_CG_HIER_INST60/RC_CGIC_INST/SE
                                     Unconstrained signal arriving at end point
                                                                      hold_view
    u_memory/RC_CG_HIER_INST61/RC_CGIC_INST/SE
                                     Unconstrained signal arriving at end point
                                                                      hold_view
    u_memory/RC_CG_HIER_INST62/RC_CGIC_INST/SE
                                     Unconstrained signal arriving at end point
                                                                      hold_view
    u_memory/RC_CG_HIER_INST63/RC_CGIC_INST/SE
                                     Unconstrained signal arriving at end point
                                                                      hold_view
    u_memory/RC_CG_HIER_INST64/RC_CGIC_INST/SE
                                     Unconstrained signal arriving at end point
                                                                      hold_view
    u_memory/RC_CG_HIER_INST65/RC_CGIC_INST/SE
                                     Unconstrained signal arriving at end point
                                                                      hold_view
    u_memory/RC_CG_HIER_INST66/RC_CGIC_INST/SE
                                     Unconstrained signal arriving at end point
                                                                      hold_view
    u_memory/RC_CG_HIER_INST67/RC_CGIC_INST/SE
                                     Unconstrained signal arriving at end point
                                                                      hold_view
    u_memory/RC_CG_HIER_INST68/RC_CGIC_INST/SE
                                     Unconstrained signal arriving at end point
                                                                      hold_view
    u_memory/RC_CG_HIER_INST69/RC_CGIC_INST/SE
                                     Unconstrained signal arriving at end point
                                                                      hold_view
    u_memory/RC_CG_HIER_INST70/RC_CGIC_INST/SE
                                     Unconstrained signal arriving at end point
                                                                      hold_view
    u_memory/RC_CG_HIER_INST71/RC_CGIC_INST/SE
                                     Unconstrained signal arriving at end point
                                                                      hold_view
    u_memory/RC_CG_HIER_INST72/RC_CGIC_INST/SE
                                     Unconstrained signal arriving at end point
                                                                      hold_view
    u_memory/RC_CG_HIER_INST73/RC_CGIC_INST/SE
                                     Unconstrained signal arriving at end point
                                                                      hold_view
    u_memory/RC_CG_HIER_INST74/RC_CGIC_INST/SE
                                     Unconstrained signal arriving at end point
                                                                      hold_view
    u_memory/RC_CG_HIER_INST75/RC_CGIC_INST/SE
                                     Unconstrained signal arriving at end point
                                                                      hold_view
    u_memory/RC_CG_HIER_INST76/RC_CGIC_INST/SE
                                     Unconstrained signal arriving at end point
                                                                      hold_view
    u_memory/RC_CG_HIER_INST77/RC_CGIC_INST/SE
                                     Unconstrained signal arriving at end point
                                                                      hold_view
    u_memory/RC_CG_HIER_INST78/RC_CGIC_INST/SE
                                     Unconstrained signal arriving at end point
                                                                      hold_view
    u_memory/RC_CG_HIER_INST79/RC_CGIC_INST/SE
                                     Unconstrained signal arriving at end point
                                                                      hold_view
    u_memory/RC_CG_HIER_INST80/RC_CGIC_INST/SE
                                     Unconstrained signal arriving at end point
                                                                      hold_view
    u_memory/RC_CG_HIER_INST81/RC_CGIC_INST/SE
                                     Unconstrained signal arriving at end point
                                                                      hold_view
    u_memory/RC_CG_HIER_INST82/RC_CGIC_INST/SE
                                     Unconstrained signal arriving at end point
                                                                      hold_view
    u_memory/RC_CG_HIER_INST83/RC_CGIC_INST/SE
                                     Unconstrained signal arriving at end point
                                                                      hold_view
    u_memory/RC_CG_HIER_INST84/RC_CGIC_INST/SE
                                     Unconstrained signal arriving at end point
                                                                      hold_view
    u_memory/RC_CG_HIER_INST85/RC_CGIC_INST/SE
                                     Unconstrained signal arriving at end point
                                                                      hold_view
    u_memory/RC_CG_HIER_INST86/RC_CGIC_INST/SE
                                     Unconstrained signal arriving at end point
                                                                      hold_view
    u_memory/RC_CG_HIER_INST87/RC_CGIC_INST/SE
                                     Unconstrained signal arriving at end point
                                                                      hold_view
    u_memory/RC_CG_HIER_INST88/RC_CGIC_INST/SE
                                     Unconstrained signal arriving at end point
                                                                      hold_view
    u_memory/RC_CG_HIER_INST89/RC_CGIC_INST/SE
                                     Unconstrained signal arriving at end point
                                                                      hold_view
    u_memory/RC_CG_HIER_INST90/RC_CGIC_INST/SE
                                     Unconstrained signal arriving at end point
                                                                      hold_view
    u_memory/RC_CG_HIER_INST91/RC_CGIC_INST/SE
                                     Unconstrained signal arriving at end point
                                                                      hold_view
    u_memory/RC_CG_HIER_INST92/RC_CGIC_INST/SE
                                     Unconstrained signal arriving at end point
                                                                      hold_view
    u_memory/RC_CG_HIER_INST93/RC_CGIC_INST/SE
                                     Unconstrained signal arriving at end point
                                                                      hold_view
    u_memory/RC_CG_HIER_INST94/RC_CGIC_INST/SE
                                     Unconstrained signal arriving at end point
                                                                      hold_view
    u_memory/RC_CG_HIER_INST95/RC_CGIC_INST/SE
                                     Unconstrained signal arriving at end point
                                                                      hold_view
    u_memory/RC_CG_HIER_INST96/RC_CGIC_INST/SE
                                     Unconstrained signal arriving at end point
                                                                      hold_view
    u_memory/RC_CG_HIER_INST97/RC_CGIC_INST/SE
                                     Unconstrained signal arriving at end point
                                                                      hold_view
    u_memory/RC_CG_HIER_INST98/RC_CGIC_INST/SE
                                     Unconstrained signal arriving at end point
                                                                      hold_view
    u_memory/RC_CG_HIER_INST99/RC_CGIC_INST/SE
                                     Unconstrained signal arriving at end point
                                                                      hold_view
    u_memory/RC_CG_HIER_INST100/RC_CGIC_INST/SE
                                     Unconstrained signal arriving at end point
                                                                      hold_view
    u_memory/RC_CG_HIER_INST101/RC_CGIC_INST/SE
                                     Unconstrained signal arriving at end point
                                                                      hold_view
    u_memory/RC_CG_HIER_INST102/RC_CGIC_INST/SE
                                     Unconstrained signal arriving at end point
                                                                      hold_view
    u_memory/RC_CG_HIER_INST103/RC_CGIC_INST/SE
                                     Unconstrained signal arriving at end point
                                                                      hold_view
    u_memory/RC_CG_HIER_INST104/RC_CGIC_INST/SE
                                     Unconstrained signal arriving at end point
                                                                      hold_view
    u_memory/RC_CG_HIER_INST105/RC_CGIC_INST/SE
                                     Unconstrained signal arriving at end point
                                                                      hold_view
    u_memory/RC_CG_HIER_INST106/RC_CGIC_INST/SE
                                     Unconstrained signal arriving at end point
                                                                      hold_view
    u_memory/RC_CG_HIER_INST107/RC_CGIC_INST/SE
                                     Unconstrained signal arriving at end point
                                                                      hold_view
    u_memory/RC_CG_HIER_INST108/RC_CGIC_INST/SE
                                     Unconstrained signal arriving at end point
                                                                      hold_view
    u_memory/RC_CG_HIER_INST109/RC_CGIC_INST/SE
                                     Unconstrained signal arriving at end point
                                                                      hold_view
    u_memory/RC_CG_HIER_INST110/RC_CGIC_INST/SE
                                     Unconstrained signal arriving at end point
                                                                      hold_view
    u_memory/RC_CG_HIER_INST111/RC_CGIC_INST/SE
                                     Unconstrained signal arriving at end point
                                                                      hold_view
    u_memory/RC_CG_HIER_INST112/RC_CGIC_INST/SE
                                     Unconstrained signal arriving at end point
                                                                      hold_view
    u_memory/RC_CG_HIER_INST113/RC_CGIC_INST/SE
                                     Unconstrained signal arriving at end point
                                                                      hold_view
    u_memory/RC_CG_HIER_INST114/RC_CGIC_INST/SE
                                     Unconstrained signal arriving at end point
                                                                      hold_view
    u_memory/RC_CG_HIER_INST115/RC_CGIC_INST/SE
                                     Unconstrained signal arriving at end point
                                                                      hold_view
    u_memory/RC_CG_HIER_INST116/RC_CGIC_INST/SE
                                     Unconstrained signal arriving at end point
                                                                      hold_view
    u_memory/RC_CG_HIER_INST117/RC_CGIC_INST/SE
                                     Unconstrained signal arriving at end point
                                                                      hold_view
    u_memory/RC_CG_HIER_INST118/RC_CGIC_INST/SE
                                     Unconstrained signal arriving at end point
                                                                      hold_view
    u_memory/RC_CG_HIER_INST119/RC_CGIC_INST/SE
                                     Unconstrained signal arriving at end point
                                                                      hold_view
    u_memory/RC_CG_HIER_INST120/RC_CGIC_INST/SE
                                     Unconstrained signal arriving at end point
                                                                      hold_view
    u_memory/RC_CG_HIER_INST121/RC_CGIC_INST/SE
                                     Unconstrained signal arriving at end point
                                                                      hold_view
    u_memory/RC_CG_HIER_INST122/RC_CGIC_INST/SE
                                     Unconstrained signal arriving at end point
                                                                      hold_view
    u_memory/RC_CG_HIER_INST123/RC_CGIC_INST/SE
                                     Unconstrained signal arriving at end point
                                                                      hold_view
    u_memory/RC_CG_HIER_INST124/RC_CGIC_INST/SE
                                     Unconstrained signal arriving at end point
                                                                      hold_view
    u_memory/RC_CG_HIER_INST125/RC_CGIC_INST/SE
                                     Unconstrained signal arriving at end point
                                                                      hold_view
    u_memory/RC_CG_HIER_INST126/RC_CGIC_INST/SE
                                     Unconstrained signal arriving at end point
                                                                      hold_view
    u_memory/RC_CG_HIER_INST127/RC_CGIC_INST/SE
                                     Unconstrained signal arriving at end point
                                                                      hold_view
    u_memory/RC_CG_HIER_INST128/RC_CGIC_INST/SE
                                     Unconstrained signal arriving at end point
                                                                      hold_view
    u_memory/RC_CG_HIER_INST129/RC_CGIC_INST/SE
                                     Unconstrained signal arriving at end point
                                                                      hold_view
    u_memory/RC_CG_HIER_INST130/RC_CGIC_INST/SE
                                     Unconstrained signal arriving at end point
                                                                      hold_view
    u_memory/RC_CG_HIER_INST131/RC_CGIC_INST/SE
                                     Unconstrained signal arriving at end point
                                                                      hold_view
    u_memory/RC_CG_HIER_INST132/RC_CGIC_INST/SE
                                     Unconstrained signal arriving at end point
                                                                      hold_view
    u_memory/RC_CG_HIER_INST133/RC_CGIC_INST/SE
                                     Unconstrained signal arriving at end point
                                                                      hold_view
    u_memory/RC_CG_HIER_INST134/RC_CGIC_INST/SE
                                     Unconstrained signal arriving at end point
                                                                      hold_view
    u_memory/RC_CG_HIER_INST135/RC_CGIC_INST/SE
                                     Unconstrained signal arriving at end point
                                                                      hold_view
    u_memory/RC_CG_HIER_INST136/RC_CGIC_INST/SE
                                     Unconstrained signal arriving at end point
                                                                      hold_view
    u_memory/RC_CG_HIER_INST137/RC_CGIC_INST/SE
                                     Unconstrained signal arriving at end point
                                                                      hold_view
    u_memory/RC_CG_HIER_INST138/RC_CGIC_INST/SE
                                     Unconstrained signal arriving at end point
                                                                      hold_view
    u_memory/RC_CG_HIER_INST139/RC_CGIC_INST/SE
                                     Unconstrained signal arriving at end point
                                                                      hold_view
    u_memory/RC_CG_HIER_INST140/RC_CGIC_INST/SE
                                     Unconstrained signal arriving at end point
                                                                      hold_view
    u_memory/RC_CG_HIER_INST141/RC_CGIC_INST/SE
                                     Unconstrained signal arriving at end point
                                                                      hold_view
    u_memory/RC_CG_HIER_INST142/RC_CGIC_INST/SE
                                     Unconstrained signal arriving at end point
                                                                      hold_view
    u_memory/RC_CG_HIER_INST143/RC_CGIC_INST/SE
                                     Unconstrained signal arriving at end point
                                                                      hold_view
    u_memory/RC_CG_HIER_INST144/RC_CGIC_INST/SE
                                     Unconstrained signal arriving at end point
                                                                      hold_view
    u_memory/RC_CG_HIER_INST145/RC_CGIC_INST/SE
                                     Unconstrained signal arriving at end point
                                                                      hold_view
    u_memory/RC_CG_HIER_INST146/RC_CGIC_INST/SE
                                     Unconstrained signal arriving at end point
                                                                      hold_view
    u_memory/RC_CG_HIER_INST147/RC_CGIC_INST/SE
                                     Unconstrained signal arriving at end point
                                                                      hold_view
    u_memory/RC_CG_HIER_INST148/RC_CGIC_INST/SE
                                     Unconstrained signal arriving at end point
                                                                      hold_view
    u_memory/RC_CG_HIER_INST149/RC_CGIC_INST/SE
                                     Unconstrained signal arriving at end point
                                                                      hold_view
    u_memory/RC_CG_HIER_INST150/RC_CGIC_INST/SE
                                     Unconstrained signal arriving at end point
                                                                      hold_view
    u_memory/RC_CG_HIER_INST151/RC_CGIC_INST/SE
                                     Unconstrained signal arriving at end point
                                                                      hold_view
    u_memory/RC_CG_HIER_INST152/RC_CGIC_INST/SE
                                     Unconstrained signal arriving at end point
                                                                      hold_view
    u_memory/RC_CG_HIER_INST153/RC_CGIC_INST/SE
                                     Unconstrained signal arriving at end point
                                                                      hold_view
    u_memory/RC_CG_HIER_INST154/RC_CGIC_INST/SE
                                     Unconstrained signal arriving at end point
                                                                      hold_view
    u_memory/RC_CG_HIER_INST155/RC_CGIC_INST/SE
                                     Unconstrained signal arriving at end point
                                                                      hold_view
    u_memory/RC_CG_HIER_INST156/RC_CGIC_INST/SE
                                     Unconstrained signal arriving at end point
                                                                      hold_view
    u_memory/RC_CG_HIER_INST157/RC_CGIC_INST/SE
                                     Unconstrained signal arriving at end point
                                                                      hold_view
    u_memory/RC_CG_HIER_INST158/RC_CGIC_INST/SE
                                     Unconstrained signal arriving at end point
                                                                      hold_view
    u_memory/RC_CG_HIER_INST159/RC_CGIC_INST/SE
                                     Unconstrained signal arriving at end point
                                                                      hold_view
    u_memory/RC_CG_HIER_INST160/RC_CGIC_INST/SE
                                     Unconstrained signal arriving at end point
                                                                      hold_view
    u_memory/RC_CG_HIER_INST161/RC_CGIC_INST/SE
                                     Unconstrained signal arriving at end point
                                                                      hold_view
    u_memory/RC_CG_HIER_INST162/RC_CGIC_INST/SE
                                     Unconstrained signal arriving at end point
                                                                      hold_view
    u_memory/RC_CG_HIER_INST163/RC_CGIC_INST/SE
                                     Unconstrained signal arriving at end point
                                                                      hold_view
    u_memory/RC_CG_HIER_INST164/RC_CGIC_INST/SE
                                     Unconstrained signal arriving at end point
                                                                      hold_view
    u_memory/RC_CG_HIER_INST165/RC_CGIC_INST/SE
                                     Unconstrained signal arriving at end point
                                                                      hold_view
    u_memory/RC_CG_HIER_INST166/RC_CGIC_INST/SE
                                     Unconstrained signal arriving at end point
                                                                      hold_view
    u_memory/RC_CG_HIER_INST167/RC_CGIC_INST/SE
                                     Unconstrained signal arriving at end point
                                                                      hold_view
    u_memory/RC_CG_HIER_INST168/RC_CGIC_INST/SE
                                     Unconstrained signal arriving at end point
                                                                      hold_view
    u_memory/RC_CG_HIER_INST169/RC_CGIC_INST/SE
                                     Unconstrained signal arriving at end point
                                                                      hold_view
    u_memory/RC_CG_HIER_INST170/RC_CGIC_INST/SE
                                     Unconstrained signal arriving at end point
                                                                      hold_view
    u_memory/RC_CG_HIER_INST171/RC_CGIC_INST/SE
                                     Unconstrained signal arriving at end point
                                                                      hold_view
    u_memory/RC_CG_HIER_INST172/RC_CGIC_INST/SE
                                     Unconstrained signal arriving at end point
                                                                      hold_view
    u_memory/RC_CG_HIER_INST173/RC_CGIC_INST/SE
                                     Unconstrained signal arriving at end point
                                                                      hold_view
    u_memory/RC_CG_HIER_INST174/RC_CGIC_INST/SE
                                     Unconstrained signal arriving at end point
                                                                      hold_view
    u_memory/RC_CG_HIER_INST175/RC_CGIC_INST/SE
                                     Unconstrained signal arriving at end point
                                                                      hold_view
    u_memory/RC_CG_HIER_INST176/RC_CGIC_INST/SE
                                     Unconstrained signal arriving at end point
                                                                      hold_view
    u_memory/RC_CG_HIER_INST177/RC_CGIC_INST/SE
                                     Unconstrained signal arriving at end point
                                                                      hold_view
    u_memory/RC_CG_HIER_INST178/RC_CGIC_INST/SE
                                     Unconstrained signal arriving at end point
                                                                      hold_view
    u_memory/RC_CG_HIER_INST179/RC_CGIC_INST/SE
                                     Unconstrained signal arriving at end point
                                                                      hold_view
    u_memory/RC_CG_HIER_INST180/RC_CGIC_INST/SE
                                     Unconstrained signal arriving at end point
                                                                      hold_view
    u_memory/RC_CG_HIER_INST181/RC_CGIC_INST/SE
                                     Unconstrained signal arriving at end point
                                                                      hold_view
    u_memory/RC_CG_HIER_INST182/RC_CGIC_INST/SE
                                     Unconstrained signal arriving at end point
                                                                      hold_view
    u_memory/RC_CG_HIER_INST183/RC_CGIC_INST/SE
                                     Unconstrained signal arriving at end point
                                                                      hold_view
    u_memory/RC_CG_HIER_INST184/RC_CGIC_INST/SE
                                     Unconstrained signal arriving at end point
                                                                      hold_view
    u_memory/RC_CG_HIER_INST185/RC_CGIC_INST/SE
                                     Unconstrained signal arriving at end point
                                                                      hold_view
    u_memory/RC_CG_HIER_INST186/RC_CGIC_INST/SE
                                     Unconstrained signal arriving at end point
                                                                      hold_view
    u_memory/RC_CG_HIER_INST187/RC_CGIC_INST/SE
                                     Unconstrained signal arriving at end point
                                                                      hold_view
    u_memory/RC_CG_HIER_INST188/RC_CGIC_INST/SE
                                     Unconstrained signal arriving at end point
                                                                      hold_view
    u_memory/RC_CG_HIER_INST189/RC_CGIC_INST/SE
                                     Unconstrained signal arriving at end point
                                                                      hold_view
    u_memory/RC_CG_HIER_INST190/RC_CGIC_INST/SE
                                     Unconstrained signal arriving at end point
                                                                      hold_view
    u_memory/RC_CG_HIER_INST191/RC_CGIC_INST/SE
                                     Unconstrained signal arriving at end point
                                                                      hold_view
    u_memory/RC_CG_HIER_INST192/RC_CGIC_INST/SE
                                     Unconstrained signal arriving at end point
                                                                      hold_view
    u_memory/RC_CG_HIER_INST193/RC_CGIC_INST/SE
                                     Unconstrained signal arriving at end point
                                                                      hold_view
    u_memory/RC_CG_HIER_INST194/RC_CGIC_INST/SE
                                     Unconstrained signal arriving at end point
                                                                      hold_view
    u_memory/RC_CG_HIER_INST195/RC_CGIC_INST/SE
                                     Unconstrained signal arriving at end point
                                                                      hold_view
    u_memory/RC_CG_HIER_INST196/RC_CGIC_INST/SE
                                     Unconstrained signal arriving at end point
                                                                      hold_view
    u_memory/RC_CG_HIER_INST197/RC_CGIC_INST/SE
                                     Unconstrained signal arriving at end point
                                                                      hold_view
    u_memory/RC_CG_HIER_INST198/RC_CGIC_INST/SE
                                     Unconstrained signal arriving at end point
                                                                      hold_view
    u_memory/RC_CG_HIER_INST199/RC_CGIC_INST/SE
                                     Unconstrained signal arriving at end point
                                                                      hold_view
    u_memory/RC_CG_HIER_INST200/RC_CGIC_INST/SE
                                     Unconstrained signal arriving at end point
                                                                      hold_view
    u_memory/RC_CG_HIER_INST201/RC_CGIC_INST/SE
                                     Unconstrained signal arriving at end point
                                                                      hold_view
    u_memory/RC_CG_HIER_INST202/RC_CGIC_INST/SE
                                     Unconstrained signal arriving at end point
                                                                      hold_view
    u_memory/RC_CG_HIER_INST203/RC_CGIC_INST/SE
                                     Unconstrained signal arriving at end point
                                                                      hold_view
    u_memory/RC_CG_HIER_INST204/RC_CGIC_INST/SE
                                     Unconstrained signal arriving at end point
                                                                      hold_view
    u_memory/RC_CG_HIER_INST205/RC_CGIC_INST/SE
                                     Unconstrained signal arriving at end point
                                                                      hold_view
    u_memory/RC_CG_HIER_INST206/RC_CGIC_INST/SE
                                     Unconstrained signal arriving at end point
                                                                      hold_view
    u_memory/RC_CG_HIER_INST207/RC_CGIC_INST/SE
                                     Unconstrained signal arriving at end point
                                                                      hold_view
    u_memory/RC_CG_HIER_INST208/RC_CGIC_INST/SE
                                     Unconstrained signal arriving at end point
                                                                      hold_view
    u_memory/RC_CG_HIER_INST209/RC_CGIC_INST/SE
                                     Unconstrained signal arriving at end point
                                                                      hold_view
    u_memory/RC_CG_HIER_INST210/RC_CGIC_INST/SE
                                     Unconstrained signal arriving at end point
                                                                      hold_view
    u_memory/RC_CG_HIER_INST211/RC_CGIC_INST/SE
                                     Unconstrained signal arriving at end point
                                                                      hold_view
    u_memory/RC_CG_HIER_INST212/RC_CGIC_INST/SE
                                     Unconstrained signal arriving at end point
                                                                      hold_view
    u_memory/RC_CG_HIER_INST213/RC_CGIC_INST/SE
                                     Unconstrained signal arriving at end point
                                                                      hold_view
    u_memory/RC_CG_HIER_INST214/RC_CGIC_INST/SE
                                     Unconstrained signal arriving at end point
                                                                      hold_view
    u_memory/RC_CG_HIER_INST215/RC_CGIC_INST/SE
                                     Unconstrained signal arriving at end point
                                                                      hold_view
    u_memory/RC_CG_HIER_INST216/RC_CGIC_INST/SE
                                     Unconstrained signal arriving at end point
                                                                      hold_view
    u_memory/RC_CG_HIER_INST217/RC_CGIC_INST/SE
                                     Unconstrained signal arriving at end point
                                                                      hold_view
    u_memory/RC_CG_HIER_INST218/RC_CGIC_INST/SE
                                     Unconstrained signal arriving at end point
                                                                      hold_view
    u_memory/RC_CG_HIER_INST219/RC_CGIC_INST/SE
                                     Unconstrained signal arriving at end point
                                                                      hold_view
    u_memory/RC_CG_HIER_INST220/RC_CGIC_INST/SE
                                     Unconstrained signal arriving at end point
                                                                      hold_view
    u_memory/RC_CG_HIER_INST221/RC_CGIC_INST/SE
                                     Unconstrained signal arriving at end point
                                                                      hold_view
    u_memory/RC_CG_HIER_INST222/RC_CGIC_INST/SE
                                     Unconstrained signal arriving at end point
                                                                      hold_view
    u_memory/RC_CG_HIER_INST223/RC_CGIC_INST/SE
                                     Unconstrained signal arriving at end point
                                                                      hold_view
    u_memory/RC_CG_HIER_INST224/RC_CGIC_INST/SE
                                     Unconstrained signal arriving at end point
                                                                      hold_view
    u_memory/RC_CG_HIER_INST225/RC_CGIC_INST/SE
                                     Unconstrained signal arriving at end point
                                                                      hold_view
    u_memory/RC_CG_HIER_INST226/RC_CGIC_INST/SE
                                     Unconstrained signal arriving at end point
                                                                      hold_view
    u_memory/RC_CG_HIER_INST227/RC_CGIC_INST/SE
                                     Unconstrained signal arriving at end point
                                                                      hold_view
    u_memory/RC_CG_HIER_INST228/RC_CGIC_INST/SE
                                     Unconstrained signal arriving at end point
                                                                      hold_view
    u_memory/RC_CG_HIER_INST229/RC_CGIC_INST/SE
                                     Unconstrained signal arriving at end point
                                                                      hold_view
    u_memory/RC_CG_HIER_INST230/RC_CGIC_INST/SE
                                     Unconstrained signal arriving at end point
                                                                      hold_view
    u_memory/RC_CG_HIER_INST231/RC_CGIC_INST/SE
                                     Unconstrained signal arriving at end point
                                                                      hold_view
    u_memory/RC_CG_HIER_INST232/RC_CGIC_INST/SE
                                     Unconstrained signal arriving at end point
                                                                      hold_view
    u_memory/RC_CG_HIER_INST233/RC_CGIC_INST/SE
                                     Unconstrained signal arriving at end point
                                                                      hold_view
    u_memory/RC_CG_HIER_INST234/RC_CGIC_INST/SE
                                     Unconstrained signal arriving at end point
                                                                      hold_view
    u_memory/RC_CG_HIER_INST235/RC_CGIC_INST/SE
                                     Unconstrained signal arriving at end point
                                                                      hold_view
    u_memory/RC_CG_HIER_INST236/RC_CGIC_INST/SE
                                     Unconstrained signal arriving at end point
                                                                      hold_view
    u_memory/RC_CG_HIER_INST237/RC_CGIC_INST/SE
                                     Unconstrained signal arriving at end point
                                                                      hold_view
    u_memory/RC_CG_HIER_INST238/RC_CGIC_INST/SE
                                     Unconstrained signal arriving at end point
                                                                      hold_view
    u_memory/RC_CG_HIER_INST239/RC_CGIC_INST/SE
                                     Unconstrained signal arriving at end point
                                                                      hold_view
    u_memory/RC_CG_HIER_INST240/RC_CGIC_INST/SE
                                     Unconstrained signal arriving at end point
                                                                      hold_view
    u_memory/RC_CG_HIER_INST241/RC_CGIC_INST/SE
                                     Unconstrained signal arriving at end point
                                                                      hold_view
    u_memory/RC_CG_HIER_INST242/RC_CGIC_INST/SE
                                     Unconstrained signal arriving at end point
                                                                      hold_view
    u_memory/RC_CG_HIER_INST243/RC_CGIC_INST/SE
                                     Unconstrained signal arriving at end point
                                                                      hold_view
    u_memory/RC_CG_HIER_INST244/RC_CGIC_INST/SE
                                     Unconstrained signal arriving at end point
                                                                      hold_view
    u_memory/RC_CG_HIER_INST245/RC_CGIC_INST/SE
                                     Unconstrained signal arriving at end point
                                                                      hold_view
    u_memory/RC_CG_HIER_INST246/RC_CGIC_INST/SE
                                     Unconstrained signal arriving at end point
                                                                      hold_view
    u_memory/RC_CG_HIER_INST247/RC_CGIC_INST/SE
                                     Unconstrained signal arriving at end point
                                                                      hold_view
    u_memory/RC_CG_HIER_INST248/RC_CGIC_INST/SE
                                     Unconstrained signal arriving at end point
                                                                      hold_view
    u_memory/RC_CG_HIER_INST249/RC_CGIC_INST/SE
                                     Unconstrained signal arriving at end point
                                                                      hold_view
    u_memory/RC_CG_HIER_INST250/RC_CGIC_INST/SE
                                     Unconstrained signal arriving at end point
                                                                      hold_view
    u_memory/RC_CG_HIER_INST251/RC_CGIC_INST/SE
                                     Unconstrained signal arriving at end point
                                                                      hold_view
    u_memory/RC_CG_HIER_INST252/RC_CGIC_INST/SE
                                     Unconstrained signal arriving at end point
                                                                      hold_view
    u_memory/RC_CG_HIER_INST253/RC_CGIC_INST/SE
                                     Unconstrained signal arriving at end point
                                                                      hold_view
    u_memory/RC_CG_HIER_INST254/RC_CGIC_INST/SE
                                     Unconstrained signal arriving at end point
                                                                      hold_view
    u_memory/RC_CG_HIER_INST255/RC_CGIC_INST/SE
                                     Unconstrained signal arriving at end point
                                                                      hold_view
    u_memory/RC_CG_HIER_INST256/RC_CGIC_INST/SE
                                     Unconstrained signal arriving at end point
                                                                      hold_view
    u_memory/RC_CG_HIER_INST257/RC_CGIC_INST/SE
                                     Unconstrained signal arriving at end point
                                                                      hold_view
    u_memory/RC_CG_HIER_INST258/RC_CGIC_INST/SE
                                     Unconstrained signal arriving at end point
                                                                      hold_view
    u_memory/RC_CG_HIER_INST259/RC_CGIC_INST/SE
                                     Unconstrained signal arriving at end point
                                                                      hold_view
    u_memory/RC_CG_HIER_INST260/RC_CGIC_INST/SE
                                     Unconstrained signal arriving at end point
                                                                      hold_view
    u_memory/RC_CG_HIER_INST261/RC_CGIC_INST/SE
                                     Unconstrained signal arriving at end point
                                                                      hold_view
    u_memory/RC_CG_HIER_INST262/RC_CGIC_INST/SE
                                     Unconstrained signal arriving at end point
                                                                      hold_view
    u_memory/RC_CG_HIER_INST263/RC_CGIC_INST/SE
                                     Unconstrained signal arriving at end point
                                                                      hold_view
    u_memory/RC_CG_HIER_INST264/RC_CGIC_INST/SE
                                     Unconstrained signal arriving at end point
                                                                      hold_view
    u_memory/RC_CG_HIER_INST265/RC_CGIC_INST/SE
                                     Unconstrained signal arriving at end point
                                                                      hold_view
    u_memory/RC_CG_HIER_INST266/RC_CGIC_INST/SE
                                     Unconstrained signal arriving at end point
                                                                      hold_view
    u_memory/RC_CG_HIER_INST267/RC_CGIC_INST/SE
                                     Unconstrained signal arriving at end point
                                                                      hold_view
    u_memory/RC_CG_HIER_INST268/RC_CGIC_INST/SE
                                     Unconstrained signal arriving at end point
                                                                      hold_view
    u_memory/RC_CG_HIER_INST269/RC_CGIC_INST/SE
                                     Unconstrained signal arriving at end point
                                                                      hold_view
    u_memory/RC_CG_HIER_INST270/RC_CGIC_INST/SE
                                     Unconstrained signal arriving at end point
                                                                      hold_view
    u_memory/RC_CG_HIER_INST271/RC_CGIC_INST/SE
                                     Unconstrained signal arriving at end point
                                                                      hold_view
    u_memory/RC_CG_HIER_INST272/RC_CGIC_INST/SE
                                     Unconstrained signal arriving at end point
                                                                      hold_view
    u_memory/RC_CG_HIER_INST273/RC_CGIC_INST/SE
                                     Unconstrained signal arriving at end point
                                                                      hold_view
    u_memory/RC_CG_HIER_INST274/RC_CGIC_INST/SE
                                     Unconstrained signal arriving at end point
                                                                      hold_view
    u_memory/RC_CG_HIER_INST275/RC_CGIC_INST/SE
                                     Unconstrained signal arriving at end point
                                                                      hold_view
    u_memory/RC_CG_HIER_INST276/RC_CGIC_INST/SE
                                     Unconstrained signal arriving at end point
                                                                      hold_view
    u_memory/RC_CG_HIER_INST277/RC_CGIC_INST/SE
                                     Unconstrained signal arriving at end point
                                                                      hold_view
    u_memory/RC_CG_HIER_INST278/RC_CGIC_INST/SE
                                     Unconstrained signal arriving at end point
                                                                      hold_view
    u_memory/RC_CG_HIER_INST279/RC_CGIC_INST/SE
                                     Unconstrained signal arriving at end point
                                                                      hold_view
    u_memory/RC_CG_HIER_INST280/RC_CGIC_INST/SE
                                     Unconstrained signal arriving at end point
                                                                      hold_view
    u_memory/RC_CG_HIER_INST281/RC_CGIC_INST/SE
                                     Unconstrained signal arriving at end point
                                                                      hold_view
    u_memory/RC_CG_HIER_INST282/RC_CGIC_INST/SE
                                     Unconstrained signal arriving at end point
                                                                      hold_view
    u_memory/RC_CG_HIER_INST283/RC_CGIC_INST/SE
                                     Unconstrained signal arriving at end point
                                                                      hold_view
    u_memory/RC_CG_HIER_INST284/RC_CGIC_INST/SE
                                     Unconstrained signal arriving at end point
                                                                      hold_view
    u_memory/RC_CG_HIER_INST285/RC_CGIC_INST/SE
                                     Unconstrained signal arriving at end point
                                                                      hold_view
    u_memory/RC_CG_HIER_INST286/RC_CGIC_INST/SE
                                     Unconstrained signal arriving at end point
                                                                      hold_view
    u_memory/RC_CG_HIER_INST287/RC_CGIC_INST/SE
                                     Unconstrained signal arriving at end point
                                                                      hold_view
    u_memory/RC_CG_HIER_INST288/RC_CGIC_INST/SE
                                     Unconstrained signal arriving at end point
                                                                      hold_view
    u_memory/RC_CG_HIER_INST289/RC_CGIC_INST/SE
                                     Unconstrained signal arriving at end point
                                                                      hold_view
    u_reader/RC_CG_HIER_INST290/RC_CGIC_INST/SE
                                     Unconstrained signal arriving at end point
                                                                      hold_view
    u_reader/RC_CG_HIER_INST291/RC_CGIC_INST/SE
                                     Unconstrained signal arriving at end point
                                                                      hold_view
    u_reader/RC_CG_HIER_INST292/RC_CGIC_INST/SE
                                     Unconstrained signal arriving at end point
                                                                      hold_view
    ------------------------------------------------------------------------------------------------------------
